{"module": "keras.src.models.functional", "class_name": "Functional", "config": {"name": "functional", "trainable": true, "layers": [{"module": "keras.layers", "class_name": "InputLayer", "config": {"batch_shape": [null, 48, 48, 1], "dtype": "float32", "sparse": false, "name": "input_layer"}, "registered_name": null, "name": "input_layer", "inbound_nodes": []}, {"module": "keras.layers", "class_name": "Conv2D", "config": {"name": "conv2d", "trainable": true, "dtype": {"module": "keras", "class_name": "DTypePolicy", "config": {"name": "float32"}, "registered_name": null}, "filters": 64, "kernel_size": [3, 3], "strides": [1, 1], "padding": "same", "data_format": "channels_last", "dilation_rate": [1, 1], "groups": 1, "activation": "relu", "use_bias": true, "kernel_initializer": {"module": "keras.initializers", "class_name": "GlorotUniform", "config": {"seed": null}, "registered_name": null}, "bias_initializer": {"module": "keras.initializers", "class_name": "Zeros", "config": {}, "registered_name": null}, "kernel_regularizer": null, "bias_regularizer": null, "activity_regularizer": null, "kernel_constraint": null, "bias_constraint": null}, "registered_name": null, "build_config": {"input_shape": [null, 48, 48, 1]}, "name": "conv2d", "inbound_nodes": [{"args": [{"class_name": "__keras_tensor__", "config": {"shape": [null, 48, 48, 1], "dtype": "float32", "keras_history": ["input_layer", 0, 0]}}], "kwargs": {}}]}, {"module": "keras.layers", "class_name": "Conv2D", "config": {"name": "conv2d_1", "trainable": true, "dtype": {"module": "keras", "class_name": "DTypePolicy", "config": {"name": "float32"}, "registered_name": null}, "filters": 128, "kernel_size": [5, 5], "strides": [1, 1], "padding": "same", "data_format": "channels_last", "dilation_rate": [1, 1], "groups": 1, "activation": "relu", "use_bias": true, "kernel_initializer": {"module": "keras.initializers", "class_name": "GlorotUniform", "config": {"seed": null}, "registered_name": null}, "bias_initializer": {"module": "keras.initializers", "class_name": "Zeros", "config": {}, "registered_name": null}, "kernel_regularizer": null, "bias_regularizer": null, "activity_regularizer": null, "kernel_constraint": null, "bias_constraint": null}, "registered_name": null, "build_config": {"input_shape": [null, 48, 48, 64]}, "name": "conv2d_1", "inbound_nodes": [{"args": [{"class_name": "__keras_tensor__", "config": {"shape": [null, 48, 48, 64], "dtype": "float32", "keras_history": ["conv2d", 0, 0]}}], "kwargs": {}}]}, {"module": "keras.layers", "class_name": "Conv2D", "config": {"name": "conv2d_2", "trainable": true, "dtype": {"module": "keras", "class_name": "DTypePolicy", "config": {"name": "float32"}, "registered_name": null}, "filters": 512, "kernel_size": [3, 3], "strides": [1, 1], "padding": "same", "data_format": "channels_last", "dilation_rate": [1, 1], "groups": 1, "activation": "relu", "use_bias": true, "kernel_initializer": {"module": "keras.initializers", "class_name": "GlorotUniform", "config": {"seed": null}, "registered_name": null}, "bias_initializer": {"module": "keras.initializers", "class_name": "Zeros", "config": {}, "registered_name": null}, "kernel_regularizer": null, "bias_regularizer": null, "activity_regularizer": null, "kernel_constraint": null, "bias_constraint": null}, "registered_name": null, "build_config": {"input_shape": [null, 48, 48, 128]}, "name": "conv2d_2", "inbound_nodes": [{"args": [{"class_name": "__keras_tensor__", "config": {"shape": [null, 48, 48, 128], "dtype": "float32", "keras_history": ["conv2d_1", 0, 0]}}], "kwargs": {}}]}, {"module": "keras.layers", "class_name": "Conv2D", "config": {"name": "conv2d_3", "trainable": true, "dtype": {"module": "keras", "class_name": "DTypePolicy", "config": {"name": "float32"}, "registered_name": null}, "filters": 512, "kernel_size": [3, 3], "strides": [1, 1], "padding": "same", "data_format": "channels_last", "dilation_rate": [1, 1], "groups": 1, "activation": "relu", "use_bias": true, "kernel_initializer": {"module": "keras.initializers", "class_name": "GlorotUniform", "config": {"seed": null}, "registered_name": null}, "bias_initializer": {"module": "keras.initializers", "class_name": "Zeros", "config": {}, "registered_name": null}, "kernel_regularizer": null, "bias_regularizer": null, "activity_regularizer": null, "kernel_constraint": null, "bias_constraint": null}, "registered_name": null, "build_config": {"input_shape": [null, 48, 48, 512]}, "name": "conv2d_3", "inbound_nodes": [{"args": [{"class_name": "__keras_tensor__", "config": {"shape": [null, 48, 48, 512], "dtype": "float32", "keras_history": ["conv2d_2", 0, 0]}}], "kwargs": {}}]}, {"module": "keras.layers", "class_name": "Flatten", "config": {"name": "flatten", "trainable": true, "dtype": {"module": "keras", "class_name": "DTypePolicy", "config": {"name": "float32"}, "registered_name": null}, "data_format": "channels_last"}, "registered_name": null, "build_config": {"input_shape": [null, 48, 48, 512]}, "name": "flatten", "inbound_nodes": [{"args": [{"class_name": "__keras_tensor__", "config": {"shape": [null, 48, 48, 512], "dtype": "float32", "keras_history": ["conv2d_3", 0, 0]}}], "kwargs": {}}]}, {"module": "keras.layers", "class_name": "Dense", "config": {"name": "dense", "trainable": true, "dtype": {"module": "keras", "class_name": "DTypePolicy", "config": {"name": "float32"}, "registered_name": null}, "units": 256, "activation": "relu", "use_bias": true, "kernel_initializer": {"module": "keras.initializers", "class_name": "GlorotUniform", "config": {"seed": null}, "registered_name": null}, "bias_initializer": {"module": "keras.initializers", "class_name": "Zeros", "config": {}, "registered_name": null}, "kernel_regularizer": null, "bias_regularizer": null, "kernel_constraint": null, "bias_constraint": null}, "registered_name": null, "build_config": {"input_shape": [null, 1179648]}, "name": "dense", "inbound_nodes": [{"args": [{"class_name": "__keras_tensor__", "config": {"shape": [null, 1179648], "dtype": "float32", "keras_history": ["flatten", 0, 0]}}], "kwargs": {}}]}, {"module": "keras.layers", "class_name": "Dense", "config": {"name": "dense_1", "trainable": true, "dtype": {"module": "keras", "class_name": "DTypePolicy", "config": {"name": "float32"}, "registered_name": null}, "units": 512, "activation": "relu", "use_bias": true, "kernel_initializer": {"module": "keras.initializers", "class_name": "GlorotUniform", "config": {"seed": null}, "registered_name": null}, "bias_initializer": {"module": "keras.initializers", "class_name": "Zeros", "config": {}, "registered_name": null}, "kernel_regularizer": null, "bias_regularizer": null, "kernel_constraint": null, "bias_constraint": null}, "registered_name": null, "build_config": {"input_shape": [null, 256]}, "name": "dense_1", "inbound_nodes": [{"args": [{"class_name": "__keras_tensor__", "config": {"shape": [null, 256], "dtype": "float32", "keras_history": ["dense", 0, 0]}}], "kwargs": {}}]}, {"module": "keras.layers", "class_name": "Dense", "config": {"name": "dense_2", "trainable": true, "dtype": {"module": "keras", "class_name": "DTypePolicy", "config": {"name": "float32"}, "registered_name": null}, "units": 7, "activation": "softmax", "use_bias": true, "kernel_initializer": {"module": "keras.initializers", "class_name": "GlorotUniform", "config": {"seed": null}, "registered_name": null}, "bias_initializer": {"module": "keras.initializers", "class_name": "Zeros", "config": {}, "registered_name": null}, "kernel_regularizer": null, "bias_regularizer": null, "kernel_constraint": null, "bias_constraint": null}, "registered_name": null, "build_config": {"input_shape": [null, 512]}, "name": "dense_2", "inbound_nodes": [{"args": [{"class_name": "__keras_tensor__", "config": {"shape": [null, 512], "dtype": "float32", "keras_history": ["dense_1", 0, 0]}}], "kwargs": {}}]}], "input_layers": [["input_layer", 0, 0]], "output_layers": [["dense_2", 0, 0]]}, "registered_name": "Functional", "build_config": {"input_shape": null}, "compile_config": {"optimizer": {"module": "keras.optimizers", "class_name": "Adam", "config": {"name": "adam", "learning_rate": 9.999999747378752e-06, "weight_decay": null, "clipnorm": null, "global_clipnorm": null, "clipvalue": null, "use_ema": false, "ema_momentum": 0.99, "ema_overwrite_frequency": null, "loss_scale_factor": null, "gradient_accumulation_steps": null, "beta_1": 0.9, "beta_2": 0.999, "epsilon": 1e-07, "amsgrad": false}, "registered_name": null}, "loss": "categorical_crossentropy", "loss_weights": null, "metrics": ["accuracy"], "weighted_metrics": null, "run_eagerly": false, "steps_per_execution": 1, "jit_compile": true}}